alumno,materia,semestre
6,6,1
6,1,2
6,4,2
6,5,2
9,1,2
9,6,2
9,4,2
9,5,2
9,2,4
12,6,2
12,4,2
12,5,2
12,1,2
12,3,3
12,2,3
12,7,4
12,10,7
12,11,8
12,8,9
12,9,10
13,1,2
13,6,2
14,4,2
14,1,2
14,6,2
14,5,2
14,3,4
14,2,8
14,7,9
14,10,10
15,6,2
15,4,2
15,5,2
15,1,2
15,3,2
15,7,3
15,2,4
15,11,4
15,8,8
15,10,10
16,1,2
16,6,2
16,3,2
16,5,2
16,4,4
16,2,6
20,1,2
20,5,3
20,6,4
22,1,2
22,5,3
22,6,3
22,4,4
22,3,4
24,6,2
24,4,4
24,1,5
24,2,6
25,1,5
25,6,5
25,5,10
31,5,2
31,4,2
31,6,2
31,1,2
31,3,3
33,2,1
33,6,2
33,4,2
33,3,2
33,1,2
33,5,2
33,7,2
33,11,3
33,8,3
33,10,4
33,9,5
37,1,4
37,6,5
37,4,6
37,5,7
37,2,9
37,3,9
46,6,2
46,5,2
46,3,2
46,1,3
46,4,3
46,2,8
46,7,8
46,11,9
46,10,10
46,8,10
46,9,10
58,4,1
58,6,1
58,5,2
58,1,2
58,2,6
60,6,2
60,1,4
68,2,1
68,6,2
68,4,2
68,1,2
68,3,2
68,5,2
68,7,2
68,11,3
68,8,3
68,10,4
68,9,5
70,6,2
70,1,2
72,5,2
72,6,3
72,1,4
72,2,7
78,6,2
78,1,4
78,5,7
80,6,1
80,1,2
90,6,2
90,1,2
90,3,2
90,5,2
90,7,3
90,11,3
90,10,4
90,2,5
90,8,5
90,9,7
105,2,1
105,6,2
105,4,2
105,5,2
105,1,2
105,3,2
105,7,2
105,10,5
105,8,6
105,9,6
105,11,8
107,6,2
107,1,2
107,5,2
107,4,4
109,2,1
109,6,2
109,1,2
109,3,2
109,5,3
109,7,4
109,4,4
109,11,8
109,10,10
111,6,2
111,1,2
111,4,4
111,5,4
111,3,4
111,2,5
113,1,4
113,6,4
118,6,2
118,4,2
118,5,2
118,1,2
118,7,2
118,3,2
118,2,3
118,10,4
118,8,6
118,9,7
118,11,8
120,1,2
120,5,2
120,6,2
123,6,2
123,5,2
123,1,4
126,6,2
126,7,2
126,1,3
126,5,3
126,4,4
126,2,6
126,3,6
126,10,9
136,6,2
136,1,2
141,2,1
141,6,2
141,5,2
141,1,2
141,7,2
141,3,2
141,4,3
141,11,3
141,10,4
141,8,6
141,9,8
143,6,2
143,1,2
147,1,2
147,6,2
147,5,4
153,2,1
153,1,2
153,6,2
153,5,2
153,4,4
153,3,10
155,6,2
155,3,2
155,1,3
155,5,3
157,6,1
157,1,1
157,5,2
157,2,2
157,4,6
157,3,8
157,7,8
160,5,2
160,1,2
160,6,2
160,2,2
160,4,4
160,7,5
160,3,8
160,8,11
162,5,2
162,6,2
162,1,10
170,1,2
170,6,2
170,7,7
170,3,8
170,5,9
173,4,4
173,6,4
173,5,4
175,1,2
175,5,2
175,4,4
179,6,4
179,5,7
194,4,2
194,6,2
218,4,2
218,6,2
218,1,2
218,5,2
218,2,2
220,6,2
220,1,2
220,5,2
220,4,2
221,6,2
221,5,4
221,1,7
221,2,7
222,6,2
222,1,2
222,5,2
222,2,4
222,4,6
222,3,8
225,6,2
225,5,2
225,1,2
225,4,2
227,4,2
227,5,2
227,1,2
227,6,3
227,2,6
227,7,7
227,3,8
229,6,2
229,1,3
229,5,4
230,1,1
230,6,2
230,5,2
230,4,4
230,3,4
233,4,2
233,6,2
233,5,2
233,1,2
233,2,2
234,2,1
234,4,2
234,6,2
234,5,2
234,1,2
234,3,3
234,7,6
234,11,8
234,8,9
237,6,3
237,1,4
237,5,8
245,6,4
245,5,5
245,1,6
245,2,8
246,1,2
246,6,4
246,5,4
246,4,6
247,1,2
247,6,2
247,3,2
247,4,3
247,5,3
247,2,4
247,7,7
247,8,8
249,1,2
249,6,2
251,6,2
251,1,3
251,5,7
251,2,7
253,1,2
253,6,2
259,6,4
259,1,7
259,5,8
265,6,2
265,1,5
266,6,1
266,1,2
266,5,3
266,2,6
271,6,2
271,7,3
276,1,2
276,5,2
276,4,3
276,6,3
278,6,3
278,1,5
283,6,2
283,5,2
283,1,3
283,3,4
283,4,6
289,6,2
289,5,2
289,1,2
289,3,2
289,4,4
289,7,4
289,2,6
291,2,1
291,4,2
291,6,2
291,3,2
291,5,2
291,1,2
291,7,2
291,10,4
291,8,5
296,4,2
296,6,2
296,1,2
296,5,2
296,2,3
296,3,4
297,4,2
297,6,2
297,5,2
297,1,2
297,7,3
301,6,2
301,1,2
301,2,3
301,4,4
301,5,4
301,3,7
302,6,2
302,1,2
302,5,2
302,3,3
302,7,4
302,10,4
302,8,6
303,4,2
303,6,2
303,1,2
303,5,2
304,6,2
304,1,2
304,5,2
304,2,3
304,4,4
304,3,4
304,7,6
305,6,2
305,1,2
305,5,2
310,6,2
310,5,2
310,1,3
310,3,4
310,2,6
315,6,2
315,1,5
315,4,6
315,2,6
316,4,2
316,6,2
316,5,2
316,1,2
316,3,5
316,2,6
317,6,2
317,4,2
317,5,2
317,1,2
317,3,3
326,6,4
326,1,5
327,6,2
327,5,2
327,1,2
329,6,2
329,1,2
329,5,2
329,3,4
329,2,7
331,6,2
331,1,5
333,1,2
333,6,2
333,5,2
333,4,4
336,4,2
336,6,2
336,1,2
336,5,2
336,2,3
345,1,2
345,6,2
345,5,2
345,2,4
455,1,1
455,4,2
455,5,2
470,5,2
470,6,2
470,1,2
470,4,5
470,7,8
470,3,9
470,10,10
470,2,11
470,11,13
470,8,21
474,1,1
474,2,2
474,6,4
474,5,4
476,6,3
476,5,4
476,2,6
476,3,6
476,1,7
476,4,8
476,7,12
476,11,16
476,10,18
478,5,4
478,6,5
478,1,8
478,4,8
478,3,9
482,5,2
482,6,3
482,1,4
482,3,5
482,4,6
482,2,6
482,7,14
490,6,3
490,5,4
492,5,2
492,4,2
492,6,3
492,1,4
492,3,4
492,7,6
492,11,9
492,10,11
492,2,14
492,8,17
492,9,18
501,6,2
501,5,3
501,4,4
501,1,6
501,7,10
501,10,12
501,2,13
501,3,22
504,6,1
504,5,1
504,2,2
504,1,2
504,3,3
504,7,7
504,4,7
504,11,8
504,10,11
504,8,20
507,6,2
507,5,2
507,3,2
507,2,2
507,1,3
508,1,1
508,6,1
508,5,2
508,7,2
508,4,2
508,2,2
508,3,4
508,10,7
508,11,8
508,8,14
508,9,16
509,5,2
509,6,2
509,4,4
509,1,5
509,2,6
512,6,1
512,5,2
512,4,2
512,1,2
512,3,2
512,7,2
512,2,6
512,11,9
512,10,11
512,8,12
512,9,13
513,6,2
513,5,2
513,2,2
513,7,2
513,3,3
513,4,4
513,1,4
513,11,4
513,10,5
514,6,1
514,5,2
514,4,4
514,1,4
514,3,7
514,7,10
515,6,1
515,5,2
515,2,2
515,1,3
515,4,4
515,3,7
515,7,10
515,11,11
515,10,16
517,5,2
517,6,2
517,2,2
517,4,4
517,1,6
519,5,2
519,6,3
519,2,4
519,4,4
519,1,4
519,3,7
519,7,10
519,11,11
519,10,16
521,6,1
521,5,1
521,1,2
521,7,2
521,3,3
521,11,3
521,4,4
521,2,4
521,10,7
521,8,9
521,9,12
523,5,1
523,4,2
523,6,3
523,1,3
523,3,6
526,5,2
526,6,2
531,5,2
531,4,4
531,1,7
531,6,10
540,6,1
540,1,3
540,5,5
542,6,2
542,5,2
542,1,4
542,4,5
542,7,7
542,3,8
542,11,9
544,3,3
544,6,3
544,2,4
544,5,6
544,4,8
545,6,1
545,1,1
545,5,2
545,7,4
545,4,5
545,10,6
545,3,8
545,11,9
545,2,13
547,6,1
547,1,1
547,5,2
547,7,3
547,2,14
549,4,2
549,5,2
549,3,2
549,1,3
549,6,3
549,7,5
549,11,6
549,10,8
549,2,10
549,8,11
549,9,14
556,6,2
556,1,3
556,5,4
556,4,9
568,6,1
568,5,4
570,6,1
570,1,1
570,3,2
570,5,4
570,2,4
570,4,12
570,7,14
573,6,1
573,5,2
573,3,2
573,1,2
573,4,4
573,2,5
573,7,6
573,11,7
573,10,11
574,6,1
574,1,1
574,5,2
574,4,2
574,2,3
574,7,3
574,3,4
574,10,4
574,11,5
574,8,8
574,9,9
576,6,1
576,5,2
576,1,2
576,3,2
576,4,4
576,2,6
576,7,7
576,11,10
576,10,12
578,6,1
578,1,1
578,4,2
578,3,2
578,5,3
578,7,3
578,2,4
578,10,4
578,11,5
578,8,14
578,9,14
583,5,2
583,6,3
583,1,3
584,6,1
584,5,2
584,1,6
584,2,6
584,4,8
585,6,3
585,4,10
585,7,13
585,5,13
585,1,14
585,8,16
585,9,17
585,2,18
588,6,1
588,5,2
588,3,2
588,1,4
588,4,4
588,2,9
588,7,11
589,6,2
589,5,5
589,1,7
589,4,8
589,2,9
597,1,1
597,6,2
597,2,2
597,5,4
597,4,5
597,7,6
597,3,10
598,6,2
598,5,2
598,3,4
601,6,1
601,4,2
601,5,2
601,1,2
601,7,3
602,6,1
602,1,2
602,5,2
602,3,2
602,4,4
602,7,6
602,2,6
602,11,7
602,10,8
602,8,10
602,9,10
604,1,1
604,6,1
604,5,2
605,6,1
605,1,1
605,4,2
605,5,2
605,2,2
605,7,2
605,3,3
607,1,1
607,6,1
607,5,2
608,4,2
608,1,3
608,5,3
608,6,7
608,3,9
610,6,1
610,5,2
610,1,4
610,3,4
610,2,6
610,4,6
610,7,8
610,11,12
612,6,1
612,1,3
612,5,3
613,2,2
613,7,6
619,6,2
619,5,2
620,6,2
620,5,3
621,6,1
621,4,2
621,1,3
621,5,4
622,5,4
622,6,4
622,1,6
622,4,14
645,6,1
645,1,1
645,4,2
645,3,2
645,5,2
645,7,2
645,11,3
645,2,4
645,10,6
645,8,8
645,9,8
646,6,1
646,1,1
646,5,2
646,2,4
646,4,6
646,7,9
646,3,10
647,6,1
647,1,1
647,4,4
647,5,4
650,1,1
650,5,2
650,6,4
652,6,1
652,1,1
652,4,2
652,5,2
652,2,8
653,5,2
653,1,3
653,6,4
653,4,6
654,6,1
654,1,1
654,4,2
654,5,2
654,2,4
654,3,6
654,7,8
655,6,1
655,1,1
655,5,2
655,2,4
655,4,6
655,7,9
655,3,9
656,1,2
656,6,2
656,4,4
658,6,1
658,1,1
658,5,2
659,2,2
659,1,3
662,6,1
662,4,4
662,1,4
664,4,2
664,5,3
664,1,5
667,1,1
667,4,2
667,5,2
667,6,2
667,3,6
671,1,1
671,6,1
671,3,2
671,5,2
671,7,2
671,4,6
671,10,6
671,2,10
677,4,2
677,5,2
677,6,2
677,1,3
678,1,2
678,6,2
679,1,1
679,6,2
680,6,1
680,5,2
680,1,4
681,6,1
681,1,1
681,5,2
681,4,6
681,7,7
681,3,8
682,1,1
682,6,1
682,5,2
682,4,4
682,2,6
682,7,7
682,3,9
683,1,1
683,6,1
683,5,2
683,4,4
683,2,6
683,3,8
684,6,1
684,1,1
684,5,2
684,4,2
684,3,3
684,2,6
684,7,8
684,10,9
684,11,10
685,6,1
685,1,1
685,4,5
685,5,6
685,2,8
689,6,2
689,1,2
692,6,2
692,5,2
692,4,2
692,1,4
692,2,4
692,3,6
692,7,8
692,10,10
694,6,2
694,3,2
694,5,3
694,4,4
694,1,6
695,1,1
695,6,1
695,4,2
695,5,5
695,2,7
695,7,8
695,3,10
696,1,1
696,6,1
696,5,2
696,4,4
697,1,2
697,6,2
697,5,5
697,4,5
697,2,7
697,7,8
697,3,8
697,11,10
698,6,2
698,5,2
698,1,4
698,7,7
698,3,7
698,4,8
699,1,1
699,6,2
699,5,2
699,3,2
699,4,2
699,7,4
699,11,6
699,2,6
699,10,7
699,8,7
699,9,8
700,6,1
700,4,2
700,5,2
700,1,3
700,7,6
700,3,8
700,2,10
701,6,2
701,1,2
701,5,2
701,4,4
701,7,8
701,3,8
701,10,10
703,6,2
703,5,6
703,4,8
704,6,2
704,1,2
704,5,6
704,4,8
706,1,1
706,6,2
706,5,2
706,4,4
706,3,4
706,7,5
706,2,8
710,1,2
710,6,2
715,1,1
715,6,1
715,4,2
715,3,8
717,4,2
717,3,6
717,7,8
720,6,1
720,4,2
720,5,2
721,6,1
721,1,2
721,5,3
721,7,4
721,2,4
721,3,4
721,4,6
721,11,8
721,10,8
722,6,1
722,1,2
722,5,3
722,4,4
722,3,8
724,4,2
724,1,2
724,6,3
724,5,5
724,3,6
724,7,9
726,6,1
726,1,2
726,4,2
726,5,3
727,6,1
727,4,2
727,1,2
727,5,5
738,6,1
738,1,2
738,5,4
738,3,6
738,7,6
738,4,8
739,6,1
739,5,3
739,1,4
739,4,4
739,7,5
739,3,5
739,2,6
739,10,8
747,6,1
747,1,1
747,5,2
747,2,2
747,4,4
747,7,4
747,3,5
747,10,6
749,6,2
749,5,2
749,1,3
749,2,5
749,4,6
750,6,2
750,5,3
750,1,5
750,4,6
753,1,1
753,6,1
753,4,2
753,5,3
753,3,4
753,7,5
753,2,6
754,6,1
754,5,2
754,1,2
754,4,2
754,3,4
754,7,4
754,2,6
755,1,2
755,6,3
755,5,3
757,6,3
757,1,3
757,4,4
757,5,6
760,6,1
760,5,2
760,1,3
760,4,4
767,6,2
767,4,6
878,5,2
878,6,5
878,7,7
913,1,1
913,6,1
929,7,2
929,4,18
934,7,2
934,4,8
937,7,1
937,4,18
942,5,2
942,1,4
942,6,5
942,4,6
942,7,7
942,10,8
942,2,10
942,3,10
942,11,10
948,1,3
948,6,4
968,7,1
968,4,6
970,7,1
970,4,12
1016,5,1
1016,7,1
1016,2,17
1024,1,1
1024,6,8
1024,5,8
1024,3,9
1024,7,10
1024,11,12
1024,4,12
1024,2,12
1024,8,15
1024,10,16
1024,9,16
1025,4,2
1025,5,5
1029,6,1
1029,5,2
1029,1,2
1030,1,3
1030,6,4
1030,3,5
1030,4,6
1030,5,6
1030,2,7
1030,7,9
1030,11,10
1030,10,12
1030,8,15
1030,9,16
1032,6,2
1032,1,3
1032,5,3
1032,2,4
1032,3,6
1032,4,7
1032,7,10
1032,11,10
1032,10,12
1032,8,14
1032,9,16
1034,6,1
1034,5,2
1034,3,3
1034,1,4
1034,7,6
1034,11,9
1034,10,10
1036,4,2
1036,6,2
1036,5,2
1036,7,2
1036,1,2
1036,3,3
1036,11,4
1036,2,5
1036,8,5
1036,10,7
1036,9,7
1037,4,2
1037,5,3
1037,6,4
1037,1,5
1039,4,2
1039,6,2
1039,5,2
1039,2,4
1039,1,5
1039,7,9
1039,10,10
1039,3,12
1041,1,1
1041,5,2
1044,1,2
1044,6,2
1044,5,2
1044,3,2
1044,2,2
1044,7,4
1044,4,4
1044,11,5
1044,10,6
1044,8,6
1044,9,7
1047,1,1
1047,4,2
1047,5,2
1047,6,3
1047,2,5
1047,3,12
1047,7,19
1051,5,2
1051,6,3
1051,2,4
1051,3,6
1058,5,2
1058,6,2
1058,2,4
1058,1,4
1058,7,5
1058,3,6
1058,4,7
1058,11,7
1058,10,9
1058,8,9
1058,9,11
1061,5,3
1061,1,4
1061,6,4
1065,1,2
1065,6,2
1065,5,2
1067,1,1
1067,6,1
1067,5,2
1068,1,2
1068,4,2
1068,6,2
1068,5,2
1068,7,2
1068,2,2
1068,3,3
1068,11,4
1068,8,4
1068,10,5
1068,9,6
1074,6,4
1074,5,4
1074,1,7
1078,4,2
1078,1,2
1079,4,2
1079,6,2
1079,7,2
1079,5,2
1079,1,3
1079,2,4
1079,3,6
1079,10,7
1079,11,9
1095,6,1
1095,1,3
1095,4,4
1095,5,4
1095,3,4
1095,7,6
1095,2,8
1095,10,9
1095,8,11
1095,11,13
1095,9,14
1113,6,2
1113,5,2
1113,1,3
1117,1,3
1117,6,4
1120,6,2
1120,5,2
1120,3,4
1126,6,1
1126,2,2
1126,4,2
1126,5,2
1126,1,2
1126,7,2
1126,3,2
1126,8,3
1126,11,3
1126,10,4
1126,9,4
1129,6,2
1129,5,2
1129,3,4
1130,2,2
1130,5,2
1130,1,3
1130,6,5
1130,3,6
1130,7,7
1130,4,8
1130,11,10
1132,6,1
1132,5,2
1132,1,2
1132,4,4
1132,7,4
1132,3,6
1132,11,7
1136,5,2
1136,6,2
1136,2,4
1138,6,1
1138,5,2
1138,3,3
1138,1,3
1138,4,4
1138,2,5
1138,7,6
1138,11,7
1138,10,7
1138,8,8
1138,9,11
1142,4,2
1142,2,2
1142,6,2
1142,5,2
1142,3,3
1142,1,4
1147,6,1
1147,5,2
1147,3,3
1147,1,3
1147,4,4
1147,2,5
1169,5,1
1169,6,2
1169,1,4
1169,4,18
1170,5,1
1170,7,4
1171,6,9
1171,5,11
1176,5,3
1176,6,4
1195,1,1
1195,6,1
1195,3,2
1195,5,2
1195,4,4
1195,7,6
1195,2,7
1195,11,8
1195,10,9
1195,8,11
1195,9,13
1197,5,2
1197,6,2
1197,3,3
1197,1,3
1197,4,4
1197,7,7
1197,11,7
1197,8,9
1197,2,10
1197,9,11
1199,1,1
1199,6,1
1199,2,2
1199,5,3
1199,7,5
1199,3,5
1205,1,1
1205,6,3
1205,5,4
1205,3,5
1207,6,2
1207,1,4
1207,3,4
1207,4,6
1207,2,8
1207,7,10
1207,11,11
1207,5,15
1209,6,1
1209,5,2
1209,7,2
1209,1,3
1209,8,3
1209,4,4
1209,3,4
1209,2,4
1209,10,5
1209,11,5
1209,9,6
1230,6,3
1230,5,4
1230,3,5
1233,6,2
1233,5,2
1237,1,1
1237,2,2
1237,5,2
1237,6,2
1237,4,4
1237,3,4
1263,3,2
1263,1,3
1263,6,4
1264,6,1
1264,5,4
1264,1,5
1268,7,1
1268,5,2
1268,2,3
1269,6,1
1269,1,2
1269,5,2
1269,3,2
1269,2,5
1269,7,8
1273,5,1
1273,7,1
1273,2,2
1274,6,1
1274,5,2
1274,1,3
1276,6,2
1276,1,2
1276,3,3
1276,5,4
1276,4,4
1277,6,1
1277,1,2
1277,5,2
1277,3,2
1279,6,2
1279,5,2
1279,4,4
1279,1,5
1279,3,6
1279,2,8
1279,7,8
1279,11,9
1279,8,13
1279,9,14
1279,10,15
1281,1,1
1281,6,2
1281,5,2
1281,4,4
1281,3,10
1281,7,11
1281,11,13
1282,6,2
1282,5,2
1282,1,3
1282,3,4
1282,2,7
1282,7,8
1282,11,9
1282,4,10
1282,10,12
1282,8,12
1282,9,13
1285,1,1
1285,6,1
1285,4,2
1285,7,7
1285,3,8
1285,5,10
1288,6,2
1288,5,2
1288,1,3
1290,5,2
1290,2,3
1290,7,5
1291,6,1
1291,5,2
1291,3,2
1294,6,1
1294,3,4
1294,5,4
1294,4,6
1294,1,6
1294,7,12
1303,6,1
1303,1,2
1303,5,2
1303,3,3
1303,4,4
1307,1,2
1307,6,2
1309,1,1
1309,6,1
1309,4,2
1309,5,2
1309,3,3
1309,2,6
1309,7,12
1320,7,1
1320,5,2
1320,2,3
1354,6,1
1354,1,1
1354,2,2
1354,5,2
1354,3,2
1354,4,4
1354,7,4
1354,11,6
1354,10,7
1354,8,9
1354,9,10
1358,1,1
1358,3,6
1358,2,8
1358,4,10
1358,5,12
1368,6,2
1368,3,2
1368,5,4
1368,1,5
1375,6,1
1375,1,1
1375,5,3
1375,4,6
1378,6,1
1378,1,1
1378,5,2
1378,3,4
1378,2,5
1378,4,6
1378,7,6
1378,11,7
1378,8,9
1378,9,9
1378,10,11
1380,6,2
1380,1,2
1380,5,2
1383,6,2
1383,1,7
1388,5,2
1388,3,2
1388,6,4
1388,7,4
1388,2,4
1388,1,5
1388,4,6
1388,11,6
1388,10,7
1388,8,8
1388,9,8
1395,1,1
1395,6,2
1395,5,2
1395,4,4
1395,3,4
1395,7,4
1395,2,6
1395,11,6
1395,10,7
1395,8,8
1395,9,9
1401,1,1
1401,6,1
1401,4,2
1401,5,2
1401,7,4
1401,2,4
1401,3,5
1401,10,7
1401,11,7
1401,8,8
1401,9,10
1403,1,1
1403,6,2
1403,5,2
1403,2,4
1403,3,4
1403,7,7
1403,11,7
1403,8,8
1403,9,9
1415,6,1
1415,1,5
1421,6,1
1421,1,2
1422,1,1
1422,2,2
1422,5,3
1422,6,4
1422,7,9
1422,4,10
1422,3,12
1422,8,17
1425,6,1
1425,1,1
1425,5,2
1425,2,2
1425,7,2
1425,4,4
1425,3,4
1425,11,4
1425,10,6
1425,8,7
1425,9,8
1427,6,1
1427,1,1
1427,5,2
1427,3,2
1427,4,6
1427,7,7
1427,2,8
1427,11,8
1427,10,10
1427,8,10
1430,6,2
1430,5,2
1430,3,4
1430,1,5
1430,7,6
1430,2,6
1430,11,7
1430,4,8
1430,10,8
1430,8,10
1430,9,10
1433,1,1
1433,5,2
1435,5,2
1435,1,2
1435,6,2
1435,4,4
1435,3,4
1435,7,5
1435,2,5
1435,11,6
1435,10,8
1435,8,11
1435,9,13
1437,1,1
1437,4,2
1437,5,2
1437,6,2
1437,7,4
1437,3,8
1437,11,10
1439,1,3
1439,5,3
1439,6,5
1439,3,6
1449,4,2
1449,6,2
1449,3,2
1449,5,2
1449,1,2
1449,7,4
1449,8,5
1449,2,6
1449,11,6
1449,9,7
1450,1,1
1450,6,2
1450,3,2
1450,5,2
1450,4,4
1450,7,4
1450,2,6
1450,10,6
1450,8,7
1450,11,7
1450,9,13
1454,1,3
1454,5,3
1454,4,4
1454,6,4
1456,5,2
1456,1,2
1456,6,2
1462,1,1
1462,6,2
1462,5,2
1462,2,4
1462,3,5
1462,4,8
1466,6,1
1466,4,2
1466,5,2
1466,2,3
1466,1,3
1466,3,4
1466,7,9
1466,11,10
1466,8,13
1467,1,1
1467,5,2
1467,6,4
1470,6,2
1470,5,2
1470,1,4
1472,1,1
1472,6,2
1472,5,4
1472,3,5
1472,4,6
1472,2,7
1472,7,8
1472,11,10
1473,6,2
1473,2,3
1473,1,3
1473,4,4
1473,3,6
1473,5,6
1473,7,10
1473,11,11
1473,8,12
1473,9,13
1473,10,15
1474,4,2
1474,5,2
1476,6,1
1476,5,2
1476,1,3
1476,2,4
1476,4,10
1477,1,1
1477,5,2
1477,6,2
1477,7,2
1477,2,2
1477,4,4
1477,3,4
1477,8,5
1477,9,7
1477,11,7
1477,10,8
1479,6,1
1479,5,3
1479,2,3
1479,1,4
1483,6,1
1483,1,3
1483,5,4
1483,2,6
1484,5,4
1484,6,5
1491,5,2
1491,1,2
1491,6,2
1491,7,4
1491,2,4
1491,3,6
1491,10,8
1491,11,10
1491,4,11
1491,8,12
1491,9,21
1493,6,2
1493,5,2
1493,1,4
1496,5,1
1496,1,3
1497,5,3
1497,6,3
1498,1,1
1498,4,2
1498,3,2
1498,5,2
1498,7,3
1498,6,3
1498,2,5
1498,11,5
1498,8,6
1498,10,7
1498,9,9
1503,6,2
1503,5,3
1503,4,6
1503,1,6
1503,2,8
1503,3,10
1503,7,12
1503,10,14
1507,5,2
1507,6,4
1507,1,4
1512,6,1
1512,1,3
1512,5,4
1512,2,5
1512,4,6
1513,5,1
1513,6,2
1514,1,1
1514,5,2
1516,6,2
1516,1,2
1516,5,2
1517,5,2
1517,6,2
1517,1,3
1519,6,1
1519,1,2
1519,5,3
1522,5,2
1522,1,2
1522,6,4
1532,6,1
1532,5,2
1532,1,2
1532,4,4
1532,2,4
1532,7,5
1532,3,5
1532,11,6
1532,8,9
1532,9,9
1532,10,10
1533,5,2
1533,6,2
1533,1,7
1534,6,2
1534,1,3
1540,6,1
1540,4,2
1540,1,3
1540,7,5
1540,5,6
1540,2,8
1540,3,8
1540,11,12
1540,8,13
1543,6,2
1543,5,2
1543,1,3
1543,2,4
1543,3,6
1545,6,1
1545,1,2
1550,6,1
1550,1,1
1550,3,2
1550,5,2
1550,7,3
1550,4,4
1550,10,4
1550,2,4
1550,11,5
1550,8,6
1550,9,8
1551,1,1
1551,4,2
1551,5,2
1552,5,2
1552,6,2
1552,1,2
1553,5,3
1553,1,4
1553,6,5
1555,1,1
1555,5,2
1555,6,5
1558,6,1
1558,1,2
1558,5,4
1560,6,2
1560,3,9
1561,6,1
1561,5,3
1563,1,1
1563,6,1
1563,5,2
1564,1,1
1564,5,2
1564,6,2
1564,3,5
1564,2,6
1566,1,1
1566,4,2
1566,5,2
1566,6,2
1566,2,3
1566,3,8
1566,7,10
1568,5,2
1568,6,2
1568,1,5
1571,1,1
1571,5,2
1575,1,1
1575,5,2
1575,4,2
1575,6,4
1575,7,5
1575,2,6
1575,10,7
1575,3,8
1575,11,9
1575,8,11
1575,9,14
1577,1,1
1577,5,2
1577,6,2
1577,3,3
1577,4,4
1577,2,4
1588,5,1
1588,6,2
1588,7,4
1592,6,1
1592,5,2
1592,1,3
1596,1,1
1596,5,2
1596,6,3
1596,7,7
1596,3,12
1596,2,13
1596,4,14
1596,8,16
1597,6,1
1597,5,2
1597,1,2
1597,4,8
1603,6,1
1603,1,1
1603,5,2
1607,5,2
1607,1,4
1607,6,5
1614,1,1
1614,4,2
1614,3,4
1614,8,6
1614,9,7
1614,11,7
1614,10,8
1616,6,2
1616,5,2
1617,1,1
1617,5,2
1617,6,3
1617,4,4
1617,3,4
1617,2,5
1617,7,7
1617,11,9
1619,6,1
1619,1,1
1621,2,3
1621,1,5
1621,6,6
1621,4,10
1622,5,2
1622,1,2
1622,6,4
1622,3,8
1623,5,2
1623,1,2
1623,6,2
1623,2,3
1623,3,4
1623,4,6
1623,7,8
1624,1,1
1624,5,2
1624,6,2
1625,6,2
1625,1,3
1625,5,8
1628,1,1
1628,6,2
1628,5,2
1628,4,4
1628,3,5
1628,2,5
1630,6,2
1630,5,2
1630,1,5
1630,3,6
1630,7,8
1630,11,9
1631,1,1
1631,3,3
1636,5,1
1636,1,1
1636,6,1
1636,2,2
1636,4,4
1636,3,4
1636,7,4
1636,11,6
1636,8,6
1636,10,7
1636,9,8
1637,1,1
1637,6,1
1637,4,2
1637,5,2
1637,3,2
1637,7,2
1637,11,3
1637,2,4
1638,1,1
1638,5,3
1638,6,7
1638,3,12
1640,1,1
1640,6,2
1640,5,2
1640,2,3
1642,4,2
1642,6,3
1642,5,4
1642,3,4
1642,2,4
1642,11,6
1642,10,7
1642,7,8
1642,8,11
1642,9,11
1642,1,16
1643,6,1
1643,5,2
1646,1,1
1646,6,1
1646,5,2
1646,3,2
1646,4,4
1646,2,4
1646,7,6
1646,11,7
1646,8,8
1646,10,9
1646,9,10
1648,6,2
1648,1,2
1648,5,2
1648,3,6
1649,1,2
1649,6,4
1652,1,1
1652,6,2
1652,4,2
1652,5,2
1652,3,2
1652,2,2
1652,7,3
1652,11,4
1652,8,7
1652,9,7
1652,10,8
1655,10,1
1655,8,1
1655,11,1
1655,9,2
1657,1,1
1657,2,2
1657,3,2
1657,5,2
1657,6,3
1657,4,4
1657,11,4
1657,7,7
1657,10,8
1657,8,10
1657,9,11
1660,6,2
1660,5,4
1660,3,6
1660,1,7
1660,7,7
1660,11,8
1660,2,12
1660,4,16
1663,5,2
1663,2,2
1663,3,3
1663,6,3
1663,4,4
1663,11,4
1663,10,7
1663,7,7
1663,8,11
1663,9,12
1663,1,16
1664,1,1
1664,6,2
1665,1,1
1665,6,2
1665,5,2
1665,4,8
1665,7,14
1665,3,19
1667,1,1
1667,6,1
1667,5,2
1671,5,2
1671,6,4
1671,1,4
1671,3,8
1672,6,2
1672,5,2
1672,3,4
1675,6,1
1675,5,2
1675,2,2
1675,1,2
1675,7,2
1675,3,3
1675,4,4
1675,11,4
1675,10,5
1675,8,8
1675,9,11
1676,1,1
1676,6,2
1676,4,4
1676,5,5
1676,7,8
1676,3,8
1676,2,10
1676,11,11
1678,6,1
1678,2,2
1678,5,4
1678,3,5
1678,11,6
1678,1,6
1678,4,8
1678,7,9
1678,10,16
1683,5,1
1683,6,1
1683,2,3
1683,1,3
1683,7,6
1683,10,7
1683,3,8
1683,4,10
1683,11,11
1689,6,1
1689,5,1
1689,3,4
1693,6,1
1693,5,2
1693,3,2
1696,6,1
1696,5,2
1696,4,4
1696,3,4
1696,11,5
1696,7,9
1696,2,12
1696,1,14
1697,1,2
1697,6,2
1697,5,4
1699,6,1
1699,4,2
1699,2,2
1699,5,2
1699,3,3
1699,11,3
1699,7,6
1699,10,7
1699,1,12
1699,8,15
1699,9,16
1701,6,1
1701,5,2
1701,1,2
1702,1,2
1702,6,2
1705,1,1
1705,6,2
1705,5,8
1707,1,1
1707,6,1
1711,6,1
1711,2,2
1714,1,1
1714,6,1
1714,5,7
1715,6,2
1715,1,2
1715,5,2
1715,2,2
1715,7,5
1715,3,6
1715,10,7
1715,11,9
1715,4,14
1716,5,2
1716,1,4
1716,2,5
1716,6,6
1716,3,8
1716,4,9
1716,7,13
1716,11,13
1717,6,1
1717,1,1
1717,4,2
1717,5,2
1717,2,2
1717,7,3
1717,3,4
1717,11,4
1717,8,6
1717,10,7
1717,9,8
1718,1,2
1718,5,2
1718,6,2
1719,6,1
1719,5,2
1723,6,1
1723,1,1
1723,4,2
1723,5,2
1723,7,2
1723,2,3
1723,3,3
1723,11,4
1723,8,4
1723,9,5
1723,10,6
1725,5,3
1725,6,3
1725,3,4
1725,1,13
1725,2,15
1725,4,16
1725,7,21
1726,4,4
1726,1,4
1726,6,4
1726,5,4
1726,2,6
1726,3,6
1729,6,1
1729,5,2
1729,1,2
1729,4,4
1735,6,1
1735,4,2
1735,2,2
1735,5,2
1735,7,2
1735,3,2
1735,1,3
1735,11,3
1735,8,5
1735,9,6
1735,10,8
1736,5,2
1736,6,2
1742,5,2
1742,6,2
1742,1,4
1743,6,2
1743,5,2
1743,3,5
1743,11,6
1743,7,6
1743,1,7
1743,2,8
1743,10,10
1743,4,12
1743,8,12
1743,9,17
1745,2,1
1745,6,2
1745,5,2
1745,4,2
1745,1,2
1745,7,2
1745,3,3
1745,11,4
1745,8,5
1745,10,6
1745,9,9
1747,6,1
1747,1,2
1747,5,2
1747,2,2
1747,4,4
1747,3,5
1748,5,2
1748,6,2
1748,1,2
1748,4,4
1749,5,2
1749,6,2
1749,1,4
1749,3,4
1749,2,6
1749,7,8
1749,11,9
1749,10,9
1749,4,10
1751,5,2
1751,6,4
1751,1,15
1753,6,2
1753,4,2
1755,6,1
1755,4,2
1755,1,2
1755,5,4
1755,3,6
1756,6,2
1756,5,2
1756,4,2
1756,1,2
1756,2,7
1756,3,8
1756,7,11
1756,10,13
1756,8,21
1757,2,2
1757,6,2
1757,5,4
1757,1,6
1757,4,7
1757,3,7
1757,7,8
1757,11,10
1757,10,16
1757,8,19
1757,9,20
1758,6,1
1758,1,2
1759,5,2
1759,1,2
1759,6,2
1759,4,4
1759,3,7
1759,7,8
1761,5,2
1761,1,2
1761,6,2
1763,6,1
1763,1,2
1763,5,2
1763,4,2
1763,3,6
1767,2,1
1767,5,2
1767,6,2
1767,1,2
1767,7,3
1767,3,3
1767,4,4
1767,11,4
1767,8,5
1767,10,14
1767,9,23
1769,1,1
1769,6,1
1769,4,2
1770,6,2
1770,5,2
1770,1,2
1770,4,4
1770,2,6
1770,7,7
1770,3,7
1770,10,16
1771,6,2
1771,5,2
1771,1,2
1771,2,4
1771,3,5
1771,7,9
1771,11,9
1771,4,10
1771,10,17
1772,6,1
1772,1,1
1772,5,2
1772,4,4
1777,6,1
1777,1,1
1777,5,2
1777,3,4
1777,4,5
1777,2,6
1777,7,14
1778,6,1
1778,5,3
1778,1,4
1778,7,6
1778,3,6
1778,4,8
1778,11,9
1780,6,1
1780,1,2
1780,5,2
1780,2,2
1780,7,5
1780,3,6
1780,11,6
1780,10,7
1780,4,8
1780,8,17
1780,9,18
1784,6,1
1784,1,2
1784,4,2
1784,3,2
1784,5,2
1784,7,3
1784,2,4
1784,11,4
1784,8,6
1784,9,6
1786,5,2
1786,6,4
1786,3,5
1786,2,6
1786,4,10
1786,1,16
1787,1,1
1787,6,1
1787,4,2
1787,7,2
1787,5,2
1787,3,2
1787,2,2
1787,11,3
1787,8,3
1787,9,4
1787,10,6
1790,6,1
1790,5,2
1790,4,3
1790,2,5
1790,1,5
1790,7,5
1790,3,6
1790,10,6
1790,11,7
1791,6,1
1791,1,2
1791,5,2
1791,4,4
1791,3,4
1792,1,1
1792,6,1
1792,5,2
1792,3,2
1792,4,4
1792,7,4
1792,2,4
1792,11,6
1792,10,7
1797,6,2
1797,5,3
1797,1,4
1797,3,6
1802,1,1
1802,5,2
1802,6,2
1802,3,2
1802,2,5
1802,7,5
1802,11,6
1802,4,7
1802,10,9
1809,6,1
1809,1,1
1809,5,2
1809,2,2
1810,6,2
1810,2,2
1810,1,2
1810,4,4
1810,3,4
1810,5,6
1811,6,2
1811,5,2
1811,1,3
1812,5,2
1812,2,2
1812,6,2
1812,3,4
1812,1,5
1812,7,5
1812,11,6
1812,4,7
1812,10,8
1812,8,18
1812,9,19
1815,6,2
1815,5,2
1815,3,4
1815,2,5
1815,4,6
1815,7,8
1815,10,8
1816,1,1
1816,6,2
1816,5,2
1816,3,4
1816,4,6
1818,6,1
1818,5,2
1818,3,2
1821,1,1
1821,6,1
1821,4,2
1821,5,2
1821,3,2
1821,7,2
1821,2,2
1824,6,3
1824,2,4
1824,5,4
1824,1,7
1824,4,14
1824,3,17
1830,5,2
1830,6,3
1831,6,3
1831,1,4
1833,5,2
1833,6,3
1833,1,4
1833,3,6
1833,7,7
1833,11,7
1833,10,8
1833,2,8
1833,4,18
1839,6,5
1839,5,6
1839,2,8
1839,3,12
1839,4,13
1842,5,2
1842,1,2
1842,3,2
1842,4,4
1842,6,6
1842,2,8
1844,6,2
1844,5,2
1844,3,4
1844,4,5
1844,2,8
1844,7,8
1844,10,9
1844,1,11
1844,11,11
1846,5,2
1846,6,2
1846,3,2
1846,1,2
1846,2,2
1846,7,3
1846,4,4
1846,8,4
1846,11,4
1847,6,1
1847,2,5
1847,1,7
1849,5,2
1849,6,2
1849,1,3
1849,3,4
1849,4,9
1849,7,10
1849,11,11
1849,2,12
1849,8,13
1849,9,19
1850,5,2
1850,3,2
1850,6,3
1850,1,5
1850,4,6
1850,2,19
1852,5,2
1852,6,3
1862,1,1
1862,6,1
1862,5,3
1863,5,2
1863,6,2
1869,6,1
1869,1,1
1869,4,2
1869,5,2
1869,3,2
1869,7,2
1869,2,3
1869,10,3
1869,8,5
1869,9,5
1870,5,2
1870,6,2
1870,1,3
1870,2,3
1870,3,3
1870,7,4
1870,11,5
1870,10,8
1870,4,8
1870,8,10
1870,9,10
1872,1,2
1872,6,2
1872,4,4
1872,5,4
1874,6,1
1874,5,2
1874,2,2
1874,1,2
1874,4,4
1874,3,5
1874,7,6
1874,10,6
1874,11,7
1874,8,10
1874,9,15
1875,1,1
1875,6,2
1875,5,2
1875,4,6
1878,6,1
1878,1,1
1878,5,2
1878,4,4
1878,2,6
1881,6,1
1881,1,2
1881,5,4
1884,6,1
1884,1,1
1884,5,2
1884,3,2
1884,4,4
1884,7,4
1884,2,4
1884,11,6
1888,5,2
1888,6,2
1888,7,3
1888,1,3
1888,10,5
1888,4,6
1888,3,7
1888,11,8
1890,6,1
1890,1,1
1890,2,2
1890,7,3
1890,3,4
1890,4,4
1890,5,6
1896,6,1
1896,2,2
1896,5,3
1896,7,3
1896,4,4
1896,3,4
1896,1,4
1896,10,5
1896,11,5
1901,6,1
1901,1,1
1901,5,2
1901,3,3
1901,4,4
1901,7,4
1901,2,4
1901,11,6
1904,1,1
1904,6,1
1904,5,2
1904,4,4
1908,5,2
1908,1,3
1909,1,2
1909,4,3
1910,6,1
1910,1,1
1910,5,2
1910,4,6
1910,3,6
1912,6,1
1912,1,1
1912,3,2
1912,4,2
1912,2,2
1912,7,2
1912,5,3
1912,11,3
1912,10,5
1912,8,15
1912,9,16
1913,6,2
1913,1,4
1913,5,5
1915,6,1
1915,5,2
1915,3,3
1915,2,3
1915,4,4
1915,7,6
1915,10,12
1918,6,1
1918,1,1
1918,5,2
1918,4,2
1918,3,2
1918,7,2
1918,2,2
1918,11,3
1918,10,3
1918,8,4
1918,9,5
1919,6,2
1919,5,2
1919,1,4
1919,2,5
1919,3,6
1919,4,8
1919,7,8
1919,11,9
1919,10,12
1919,8,14
1919,9,19
1921,6,2
1921,1,2
1922,5,2
1922,1,2
1922,6,2
1928,6,2
1928,5,2
1928,2,2
1928,1,2
1928,3,2
1928,7,3
1928,4,4
1928,11,4
1928,10,6
1928,8,8
1928,9,11
1937,1,2
1937,6,2
1937,5,2
1939,6,2
1939,5,2
1939,4,4
1942,6,2
1942,5,2
1942,4,4
1942,1,6
1942,3,6
1942,2,8
1945,6,2
1945,5,2
1945,2,4
1945,3,6
1945,1,9
1945,4,10
1945,7,16
1948,6,1
1948,5,2
1948,4,3
1948,2,5
1948,3,6
1948,7,6
1948,11,8
1948,1,9
1948,10,10
1948,8,18
1951,6,1
1951,1,1
1951,4,2
1951,5,2
1951,3,2
1951,2,4
1951,7,6
1951,11,7
1951,10,9
1951,8,15
1951,9,16
1953,5,2
1953,6,2
1953,1,4
1953,3,10
1953,2,14
1953,4,16
1954,1,2
1954,5,2
1954,6,3
1954,4,4
1954,2,5
1954,3,5
1954,7,11
1954,11,14
1957,6,2
1957,5,2
1959,6,4
1959,5,5
1961,6,1
1961,1,3
1963,1,3
1963,6,4
1967,1,1
1967,3,2
1967,5,5
1969,3,2
1969,1,2
1972,1,2
1972,5,2
1972,6,4
1979,6,1
1979,5,2
1979,2,2
1979,1,4
1979,3,4
1979,7,5
1979,10,5
1979,11,6
1979,4,8
1979,8,9
1979,9,9
1988,6,1
1988,5,2
1988,2,2
2000,2,1
2000,6,2
2000,1,2
2000,3,2
2000,7,2
2000,5,2
2000,11,4
2000,8,4
2000,4,6
2000,9,6
2000,10,7
2004,6,3
2004,3,4
2004,5,10
2004,1,12
2004,2,14
2004,7,14
2004,4,16
2004,10,17
2006,5,2
2006,6,2
2012,5,2
2012,6,2
2012,1,3
2012,4,3
2012,3,6
2012,7,9
2012,8,12
2012,2,17
2018,6,2
2018,5,2
2018,1,2
2018,3,2
2018,7,2
2018,2,3
2018,11,4
2018,4,4
2018,8,10
2018,9,13
2018,10,14
2040,6,1
2040,1,1
2040,4,2
2040,5,2
2040,2,2
2040,7,2
2040,3,3
2040,10,4
2040,8,4
2040,9,5
2040,11,7
2042,1,2
2042,5,2
2042,6,2
2042,3,4
2042,7,6
2042,11,7
2042,4,10
2043,1,1
2043,6,1
2043,5,2
2043,2,4
2043,7,5
2043,3,7
2043,4,8
2043,11,9
2043,10,10
2045,5,2
2045,6,2
2045,1,2
2045,3,2
2045,7,3
2045,11,4
2045,4,4
2045,2,5
2045,10,6
2045,8,7
2045,9,8
2054,1,1
2054,5,4
2056,6,2
2056,1,2
2056,5,2
2056,4,4
2056,7,7
2056,3,8
2056,2,9
2056,11,9
2056,8,10
2057,3,3
2057,5,4
2057,1,4
2071,6,2
2071,1,2
2075,6,2
2075,5,2
2075,2,10
2077,2,1
2077,6,2
2077,1,2
2077,3,2
2077,5,2
2077,7,4
2077,11,5
2077,8,6
2077,10,8
2077,4,8
2077,9,8
2078,6,1
2078,1,1
2083,6,2
2083,5,2
2083,1,2
2083,3,4
2083,2,5
2083,7,6
2083,11,6
2083,4,7
2083,10,8
2083,8,10
2084,6,1
2084,5,2
2087,6,1
2087,3,2
2087,1,2
2087,5,2
2087,7,4
2087,2,4
2087,4,6
2087,11,8
2087,10,10
2087,8,13
2087,9,15
2089,2,1
2089,1,4
2089,5,4
2089,4,4
2089,6,6
2090,6,2
2090,5,3
2093,5,2
2093,6,2
2093,2,2
2093,1,6
2093,4,6
2093,3,8
2093,7,11
2093,11,14
2098,2,1
2098,6,2
2098,1,2
2098,3,2
2098,7,2
2098,5,2
2098,4,4
2098,11,4
2098,8,4
2098,10,6
2098,9,6
2099,6,1
2099,1,1
2099,4,2
2099,5,2
2099,2,2
2099,7,3
2099,3,4
2099,11,6
2099,10,7
2099,8,11
2099,9,14
2102,6,1
2102,5,2
2102,2,2
2102,3,5
2102,7,6
2102,4,7
2102,10,8
2102,8,9
2102,11,10
2102,9,10
2102,1,14
2104,2,1
2104,5,2
2104,6,2
2104,1,2
2104,3,2
2104,4,2
2104,7,3
2104,11,3
2104,10,4
2104,8,4
2104,9,13
2105,6,1
2105,1,1
2105,5,2
2105,2,6
2105,3,13
2105,4,14
2108,6,1
2108,5,2
2108,1,2
2108,3,2
2108,2,3
2108,4,4
2108,7,4
2108,11,8
2108,10,11
2111,6,1
2111,4,2
2111,1,2
2111,5,2
2111,2,3
2115,6,1
2115,5,2
2115,3,4
2115,2,4
2115,4,6
2115,7,6
2115,10,7
2115,11,8
2115,1,12
2115,8,17
2118,6,1
2118,5,3
2124,6,2
2124,5,4
2124,2,4
2127,1,1
2127,6,1
2127,4,2
2127,5,2
2127,3,3
2127,7,4
2127,2,4
2129,6,2
2129,5,2
2129,1,2
2129,7,2
2129,3,4
2129,2,4
2129,4,6
2129,8,8
2129,11,10
2129,9,12
2130,6,2
2130,5,2
2144,2,1
2144,6,2
2144,5,2
2144,1,2
2144,7,3
2144,10,4
2144,3,6
2144,11,7
2144,4,8
2144,8,10
2144,9,12
2145,6,1
2145,1,1
2146,6,4
2146,1,4
2146,5,4
2146,4,6
2147,1,2
2147,6,2
2154,6,2
2154,5,2
2154,1,6
2159,6,4
2159,5,5
2159,2,9
2159,4,10
2164,6,2
2164,1,2
2164,5,2
2164,4,4
2164,3,5
2164,7,7
2164,11,7
2164,10,7
2164,2,9
2165,6,2
2165,5,2
2167,1,1
2167,6,2
2167,3,2
2167,5,2
2167,2,3
2167,4,4
2167,7,7
2167,11,7
2171,6,1
2171,5,2
2171,2,3
2171,4,4
2171,3,4
2171,7,6
2171,10,9
2171,11,10
2173,6,1
2173,5,2
2173,4,4
2173,3,4
2173,2,5
2173,7,6
2173,11,8
2173,10,10
2176,6,2
2176,5,2
2176,3,2
2176,1,4
2176,7,5
2176,11,5
2176,10,6
2176,2,7
2176,4,8
2176,8,8
2176,9,12
2178,6,2
2178,5,2
2178,1,2
2181,6,1
2181,5,2
2181,2,4
2181,3,5
2181,4,6
2181,7,9
2181,11,11
2181,10,12
2183,6,1
2183,3,2
2183,5,2
2183,2,3
2183,4,5
2183,7,5
2183,10,6
2183,11,6
2183,8,11
2183,9,12
2183,1,13
2187,1,1
2187,5,2
2191,6,1
2191,2,2
2191,5,2
2191,3,4
2191,4,6
2191,7,7
2191,11,8
2191,10,10
2191,1,14
2191,8,15
2195,6,1
2195,4,2
2195,5,2
2197,5,2
2197,6,3
2199,6,1
2199,4,2
2199,3,2
2199,5,2
2199,1,2
2199,7,2
2199,2,2
2199,8,4
2199,10,4
2199,11,4
2199,9,10
2201,6,2
2201,5,3
2201,2,3
2201,7,7
2201,4,8
2201,3,10
2201,11,12
2203,6,1
2203,2,2
2203,5,2
2203,4,4
2203,3,4
2203,7,4
2203,10,5
2203,11,5
2203,8,6
2203,9,6
2203,1,9
2208,5,4
2208,6,5
2209,1,2
2209,5,2
2212,6,1
2212,5,2
2212,4,4
2212,2,4
2212,3,5
2212,7,7
2212,11,8
2212,1,14
2216,6,3
2216,5,4
2219,6,2
2219,4,2
2219,1,2
2219,5,2
2219,3,4
2222,6,3
2222,5,4
2223,2,1
2223,6,2
2223,5,2
2223,1,2
2223,4,2
2223,3,2
2223,7,3
2223,10,4
2223,11,4
2223,8,6
2223,9,7
2226,6,3
2226,5,4
2227,2,1
2227,6,2
2227,1,2
2227,5,2
2227,4,2
2227,3,2
2227,7,2
2227,11,3
2227,10,4
2227,8,4
2227,9,6
2232,6,2
2232,1,2
2232,3,2
2232,5,2
2232,4,4
2234,2,1
2234,6,2
2234,1,2
2234,5,2
2234,4,2
2234,3,2
2234,7,2
2234,11,3
2234,10,4
2234,8,4
2234,9,5
2236,5,2
2236,6,2
2236,1,2
2236,3,4
2236,4,6
2238,5,2
2238,6,2
2239,6,2
2239,5,2
2239,2,4
2239,7,6
2241,6,1
2241,1,1
2241,4,2
2241,5,2
2241,2,2
2241,7,3
2241,3,4
2241,11,4
2241,10,7
2241,8,9
2241,9,10
2243,6,1
2243,5,2
2243,2,2
2243,4,4
2243,1,6
2243,3,11
2245,6,1
2245,1,1
2245,5,2
2245,2,5
2252,6,1
2252,1,2
2252,5,2
2252,4,4
2253,6,2
2253,5,2
2253,1,2
2253,7,2
2254,1,1
2254,6,1
2254,5,2
2254,2,2
2254,4,4
2254,3,6
2256,6,1
2256,5,2
2256,2,3
2256,3,4
2258,6,1
2258,5,2
2265,6,1
2265,5,3
2265,1,5
2265,2,5
2265,4,6
2265,3,7
2270,6,1
2270,5,2
2272,6,1
2272,1,1
2272,5,2
2272,2,2
2272,3,4
2272,4,4
2272,7,6
2272,10,10
2272,11,13
2275,6,2
2275,1,2
2275,5,2
2275,3,2
2276,6,1
2276,5,2
2276,4,4
2276,2,5
2276,3,7
2276,1,8
2276,7,9
2277,1,2
2277,6,3
2278,6,1
2278,4,2
2278,3,2
2278,5,2
2278,2,3
2278,7,3
2278,11,6
2278,10,8
2280,5,2
2280,2,7
2283,1,2
2283,6,2
2283,5,2
2284,6,1
2284,1,4
2285,6,2
2285,5,2
2285,3,2
2285,1,2
2285,7,2
2285,4,4
2285,11,5
2288,6,1
2288,1,4
2292,4,2
2292,5,2
2293,3,2
2293,1,2
2293,5,2
2293,6,3
2293,7,3
2293,4,4
2293,2,4
2293,11,5
2293,10,7
2293,8,8
2293,9,10
2295,5,2
2295,6,2
2297,2,1
2297,6,2
2297,1,2
2297,5,2
2297,3,2
2297,7,4
2297,4,4
2297,11,6
2297,10,7
2297,8,11
2303,6,2
2303,1,2
2303,3,2
2304,6,1
2304,1,1
2304,5,4
2305,1,2
2305,6,4
2305,5,4
2306,6,1
2306,5,2
2306,1,3
2306,2,4
2306,4,4
2306,3,7
2306,7,8
2311,6,1
2311,5,2
2311,2,5
2311,3,7
2311,4,12
2314,6,2
2314,1,2
2314,5,2
2314,7,2
2314,10,4
2314,3,4
2314,4,8
2314,2,8
2317,5,2
2317,6,2
2317,2,2
2317,3,3
2317,4,4
2317,1,4
2317,7,5
2317,11,6
2317,10,6
2317,8,8
2317,9,10
2321,6,1
2321,5,2
2321,1,3
2321,4,6
2321,2,9
2321,7,10
2321,3,10
2323,1,6
2323,5,6
2325,1,1
2325,6,2
2325,2,2
2325,4,4
2325,5,5
2326,6,4
2326,5,4
2326,1,6
2326,4,8
2329,1,1
2329,6,2
2329,4,2
2329,5,2
2329,3,2
2329,2,3
2329,7,6
2329,11,8
2336,1,1
2336,6,1
2336,4,2
2336,2,2
2336,7,3
2336,5,4
2336,3,5
2336,11,5
2336,10,8
2337,1,2
2337,5,2
2337,6,3
2338,6,1
2338,1,4
2338,5,6
2338,3,6
2338,4,10
2338,2,10
2340,6,3
2340,1,3
2340,5,4
2343,1,2
2343,6,2
2343,5,2
2344,6,2
2344,5,2
2344,1,4
2344,3,4
2344,4,6
2344,2,6
2344,7,7
2344,11,8
2344,10,12
2344,8,15
2344,9,15
2347,6,1
2347,5,2
2347,1,2
2347,4,4
2347,2,4
2347,3,8
2347,7,10
2349,6,2
2349,2,3
2351,6,2
2351,1,6
2354,6,1
2354,5,2
2356,1,1
2356,6,2
2356,2,2
2356,5,2
2356,4,4
2356,7,6
2356,3,8
2357,6,4
2357,5,4
2357,1,6
2357,4,10
2357,7,13
2357,10,14
2357,2,15
2357,3,15
2358,6,2
2358,4,2
2358,5,2
2358,1,2
2358,2,2
2358,3,2
2358,7,6
2358,11,7
2358,10,8
2360,6,1
2360,5,2
2360,1,4
2360,4,4
2360,2,8
2361,6,2
2361,1,2
2361,4,4
2361,5,6
2361,2,7
2361,3,8
2361,7,9
2364,6,1
2364,4,2
2364,1,2
2364,5,2
2364,3,3
2365,6,2
2365,1,2
2365,5,2
2365,3,2
2365,2,4
2365,7,5
2365,11,6
2365,10,8
2366,6,1
2366,5,2
2368,1,2
2368,6,2
2370,6,2
2370,1,2
2370,5,2
2370,2,6
2370,4,10
2375,2,1
2375,4,2
2375,1,2
2375,5,2
2375,6,2
2375,3,2
2375,7,2
2375,11,3
2375,8,4
2375,10,4
2375,9,6
2376,6,2
2376,5,9
2376,4,10
2380,4,2
2380,1,2
2380,5,2
2380,6,2
2380,2,2
2380,3,2
2380,7,4
2380,10,4
2380,11,4
2380,8,6
2380,9,8
2381,6,1
2381,2,3
2381,5,4
2381,4,4
2381,7,6
2381,3,8
2385,1,2
2385,6,2
2385,5,2
2385,2,3
2385,3,4
2385,4,6
2385,7,12
2387,1,2
2387,4,10
2388,6,1
2388,2,2
2388,5,2
2388,7,4
2388,3,4
2388,11,5
2388,4,6
2388,8,6
2388,1,7
2388,9,8
2389,2,1
2389,4,2
2389,1,2
2389,6,2
2389,5,2
2389,7,2
2389,3,3
2389,11,4
2394,6,1
2394,1,2
2394,3,5
2394,5,5
2394,2,5
2394,4,6
2395,2,1
2395,1,2
2395,6,2
2395,5,2
2395,3,4
2395,4,6
2395,7,8
2395,10,10
2395,11,12
2395,8,14
2396,6,1
2396,1,2
2396,5,2
2396,2,3
2396,4,4
2396,3,6
2397,1,2
2397,6,3
2397,2,7
2397,5,8
2397,4,8
2397,3,12
2397,7,14
2398,4,4
2398,6,4
2398,5,4
2398,1,7
2398,2,7
2400,6,1
2400,7,2
2400,5,3
2400,2,4
2400,4,4
2400,3,7
2404,6,1
2404,1,1
2404,4,2
2404,5,2
2404,2,3
2404,7,3
2404,3,4
2404,11,4
2404,10,6
2408,6,1
2408,5,2
2408,2,3
2408,4,4
2408,3,5
2408,7,6
2408,10,7
2408,1,8
2408,11,8
2411,5,2
2411,6,2
2412,6,1
2412,2,3
2412,4,4
2412,1,4
2412,7,4
2412,3,5
2412,5,5
2415,6,2
2415,5,2
2415,1,5
2415,2,5
2416,6,1
2416,1,1
2416,4,2
2416,5,2
2416,7,2
2416,2,3
2416,3,4
2416,10,6
2416,11,6
2416,8,8
2418,6,1
2418,2,2
2418,5,2
2418,3,2
2418,4,4
2418,7,4
2418,8,4
2418,11,7
2418,10,8
2421,1,2
2421,6,2
2421,5,3
2421,4,6
2421,2,9
2422,6,1
2422,4,4
2422,5,5
2423,6,2
2423,5,2
2423,2,2
2423,1,2
2423,4,4
2423,3,4
2423,7,6
2423,11,7
2429,1,2
2429,6,2
2429,5,3
2429,4,4
2429,2,8
2435,6,1
2435,1,1
2435,4,2
2435,5,3
2435,7,3
2435,3,4
2435,2,4
2435,8,5
2435,10,6
2435,9,7
2435,11,8
2436,6,4
2436,5,4
2438,1,2
2438,5,2
2438,6,5
2444,6,2
2444,5,3
2446,6,2
2446,5,3
2446,1,5
2449,6,1
2449,5,2
2457,6,2
2457,5,3
2457,1,5
2457,4,6
2457,7,8
2457,3,11
2457,2,12
2457,10,13
2465,1,2
2465,6,3
2466,5,2
2466,6,2
2466,4,6
2466,3,6
2466,1,7
2466,2,8
2467,6,2
2467,5,2
2467,1,4
2467,4,6
2471,6,2
2471,5,2
2471,1,5
2471,4,6
2472,1,2
2472,6,2
2472,5,2
2472,4,4
2472,3,4
2472,7,6
2480,6,1
2480,5,2
2482,1,3
2482,5,3
2482,6,4
2482,4,7
2483,4,2
2483,6,2
2483,5,2
2483,1,2
2483,2,2
2483,3,3
2483,7,4
2483,8,6
2483,10,8
2483,11,11
2483,9,13
2484,6,1
2484,1,1
2485,6,2
2485,4,2
2485,1,3
2485,5,3
2485,3,6
2485,7,6
2487,6,2
2487,5,2
2487,3,3
2487,1,4
2489,2,1
2489,6,2
2489,4,2
2489,1,2
2489,3,2
2489,5,2
2489,7,2
2489,11,4
2489,8,4
2489,10,6
2489,9,7
2490,6,1
2490,5,2
2490,2,4
2490,1,4
2490,4,6
2491,6,2
2491,1,2
2491,5,2
2491,7,4
2494,6,1
2494,1,1
2494,5,5
2497,1,1
2497,6,1
2497,5,3
2500,6,2
2500,5,2
2500,1,4
2500,3,4
2500,7,5
2500,2,6
2500,4,6
2501,6,2
2501,1,3
2501,5,4
2501,4,6
2502,6,2
2502,5,2
2504,6,2
2504,5,2
2504,4,4
2504,1,4
2504,3,7
2505,6,2
2505,5,2
2506,2,1
2506,6,2
2506,3,2
2506,5,2
2506,1,2
2506,4,4
2506,7,4
2506,11,6
2506,10,8
2506,8,8
2506,9,14
2507,6,1
2507,1,1
2507,4,2
2507,5,2
2507,3,2
2507,2,4
2507,7,6
2507,11,7
2509,6,1
2509,1,2
2509,5,2
2509,2,3
2509,4,4
2509,3,4
2509,7,6
2511,6,2
2511,1,2
2515,6,1
2515,1,1
2515,7,2
2515,5,3
2515,4,4
2515,3,4
2515,2,5
2516,6,2
2516,1,2
2516,5,2
2518,6,1
2518,1,2
2520,6,1
2520,1,2
2520,7,2
2522,6,1
2522,1,2
2524,6,1
2524,1,2
2524,2,4
2524,5,5
2525,6,2
2525,1,2
2525,5,2
2527,6,2
2527,5,3
2527,1,6
2530,1,2
2530,6,2
2530,2,4
2530,5,4
2530,4,6
2533,1,2
2533,5,2
2533,6,2
2533,4,4
2533,7,6
2533,2,9
2535,1,2
2535,6,2
2535,5,3
2540,6,1
2540,1,2
2540,5,2
2540,4,4
2540,3,4
2543,5,4
2543,1,6
2543,6,6
2548,1,1
2548,6,1
2548,5,2
2548,4,4
2548,3,4
2554,6,1
2554,1,2
2554,5,2
2568,6,2
2568,1,2
2568,5,4
2570,6,2
2570,1,2
2570,5,2
2570,2,3
2570,3,4
2574,6,2
2574,4,2
2574,3,2
2574,5,2
2574,1,2
2574,7,4
2574,10,8
2574,11,11
2580,1,2
2580,3,2
2580,5,3
2580,4,4
2580,2,4
2580,6,6
2580,7,13
2583,5,2
2583,1,2
2585,1,2
2585,6,2
2585,5,3
2589,1,2
2589,6,2
2589,4,6
2589,2,6
2589,5,7
2593,4,2
2593,1,2
2593,6,2
2593,5,3
2593,7,3
2593,10,4
2593,3,4
2593,11,6
2594,1,2
2594,6,2
2597,6,1
2597,5,3
2598,6,2
2598,1,2
2598,5,4
2598,4,4
2598,3,8
2599,6,2
2599,4,3
2600,2,1
2600,6,2
2600,4,2
2600,1,2
2600,5,2
2600,3,2
2600,7,2
